Student_ID,First_Name,Last_Name
12458,Grace,Torres
87568,Isabella,Cook
51174,Sophia,Gonzalez
57905,Emma,Nelson
61734,David,Turner
84595,Emma,Rivera
61375,Dylan,Young
48489,Jacob,King
99480,Matthew,Cooper
50604,Leo,Carter
18715,Mia,Rivera
50191,Benjamin,Moore
91893,Jackson,Cook
30348,Noah,Cooper
79448,Daniel,Phillips
56987,Henry,Green
63537,Lily,Bell
50058,Leo,Nelson
39288,Emma,Scott
92178,Dylan,Ward
89306,Emma,Miller
15653,Owen,Gonzalez
46862,David,Ward
10505,Benjamin,Wilson
46878,Matthew,Cook
50501,Lucas,Adams
36985,Jack,Ward
61783,Evelyn,Scott
37120,Lucas,Baker
94748,Samuel,Carter
47610,Mason,Gonzalez
38880,Harper,Parker
49274,Sebastian,Turner
47506,Liam,Campbell
89139,Evelyn,Bell
78721,Elijah,Ward
83356,Amelia,Hall
40307,Victoria,Martinez
36018,Dylan,Stewart
56775,James,Mitchell
98591,Alexander,Morgan
24800,Harper,Torres
78791,Alexander,Torres
56280,Elijah,Sanchez
53771,Noah,White
63366,Noah,Perez
20181,Liam,Thomas
32342,Zoe,Baker
38776,Liam,Stewart
21528,Sophia,Taylor
10406,William,Phillips
22270,Dylan,Gonzalez
44335,Lucas,Wilson
60797,Logan,Morris
20026,Sebastian,Bailey
32285,Victoria,Thomas
99958,Owen,Martinez
94768,Daniel,Richardson
46093,Harper,Scott
32391,Madison,Baker
40608,Alexander,Moore
39026,Liam,Cooper
70075,David,Stewart
98729,Noah,Reed
36592,Aria,Campbell
96216,Emily,Parker
87097,James,Taylor
58673,Matthew,Moore
48593,Benjamin,Carter
18733,Amelia,Moore
69751,Victoria,Allen
36090,Zoe,Young
95423,Henry,Miller
79351,Charlotte,Murphy
13428,Hannah,Allen
34384,Daniel,Anderson
86463,Emma,Mitchell
93022,Sophia,Gonzalez
96404,Victoria,Adams
90720,Jane,White
43945,Owen,Hall
30017,Sophia,Torres
60098,Madison,Wright
94029,Jane,Hernandez
29779,Benjamin,Morris
34650,Sarah,Allen
95103,Olivia,Reed
76669,Liam,Turner
31174,Chloe,King
61692,Daniel,Moore
40098,Nathan,Turner
99217,Emma,Gonzalez
37323,Benjamin,Cooper
15813,Samuel,Rivera
24154,Sebastian,Torres
91153,Logan,Lopez
94075,Mason,Young
10173,Ava,Reed
89875,Benjamin,Richardson
98159,Elijah,Young
60913,Lily,Turner
75471,Noah,King
18627,Alexander,King
65491,Liam,Allen
13633,William,Nelson
28612,Dylan,Mitchell
38625,Daniel,Ward
46626,Lucas,Hall
49558,Chloe,Green
78875,Nathan,Thomas
73072,Dylan,Rivera
81608,Lily,Allen
20299,Noah,Thomas
62784,Charlotte,Torres
18783,Jacob,Turner
19714,Charlotte,Hall
31760,Amelia,Rivera
30571,Michael,Bell
35249,Aria,Cooper
46398,Chloe,Richardson
56707,Grace,Morgan
12867,Emily,Green
42764,Evelyn,Cooper
63212,Harper,Allen
12440,Jackson,Hernandez
16331,Sarah,Sanchez
79327,Noah,Baker
56375,Liam,Cook
14632,Daniel,Brown
22175,Noah,Brown
88607,Emma,Turner
98754,Alexander,Evans
55957,Owen,Sanchez
85404,Charlotte,Scott
60224,Sarah,Morris
34038,Evelyn,Hernandez
65296,Lucas,Brown
46326,Hannah,Brown
89043,Victoria,Martinez
15860,Grace,Hernandez
88350,Evelyn,Sanchez
32209,Elijah,Brown
37423,Elijah,Richardson
71393,Emma,Lopez
46790,Ella,Baker
44893,Scarlett,Morris
75038,James,Allen
40719,Daniel,Perez
77025,Nathan,Moore
76272,Ella,Cox
